::1 - - [11/Jun/2020:13:12:36 +0000] "GET /api/users/info HTTP/1.1" 201 92 "http://localhost:3000/" "Mozilla/5.0 (Windows NT 10.0; Win64; x64) AppleWebKit/537.36 (KHTML, like Gecko) Chrome/83.0.4103.97 Safari/537.36"
::1 - - [11/Jun/2020:13:12:36 +0000] "GET /api/users/info HTTP/1.1" 201 92 "http://localhost:3000/" "Mozilla/5.0 (Windows NT 10.0; Win64; x64) AppleWebKit/537.36 (KHTML, like Gecko) Chrome/83.0.4103.97 Safari/537.36"
::1 - - [11/Jun/2020:13:12:43 +0000] "GET /api/douban/list?page=undefined HTTP/1.1" 201 5365 "http://localhost:3000/" "Mozilla/5.0 (Windows NT 10.0; Win64; x64) AppleWebKit/537.36 (KHTML, like Gecko) Chrome/83.0.4103.97 Safari/537.36"
::1 - - [11/Jun/2020:13:12:48 +0000] "GET /api/douban/list?page=4 HTTP/1.1" 201 5574 "http://localhost:3000/" "Mozilla/5.0 (Windows NT 10.0; Win64; x64) AppleWebKit/537.36 (KHTML, like Gecko) Chrome/83.0.4103.97 Safari/537.36"
::1 - - [11/Jun/2020:13:28:08 +0000] "GET /api/users/info HTTP/1.1" 201 92 "http://localhost:3000/" "Mozilla/5.0 (Windows NT 10.0; Win64; x64) AppleWebKit/537.36 (KHTML, like Gecko) Chrome/83.0.4103.97 Safari/537.36"
::1 - - [11/Jun/2020:13:28:08 +0000] "GET /api/users/info HTTP/1.1" 201 92 "http://localhost:3000/" "Mozilla/5.0 (Windows NT 10.0; Win64; x64) AppleWebKit/537.36 (KHTML, like Gecko) Chrome/83.0.4103.97 Safari/537.36"
::1 - - [11/Jun/2020:13:28:39 +0000] "POST /api/users/login HTTP/1.1" 201 219 "http://localhost:3000/" "Mozilla/5.0 (Windows NT 10.0; Win64; x64) AppleWebKit/537.36 (KHTML, like Gecko) Chrome/83.0.4103.97 Safari/537.36"
::1 - - [11/Jun/2020:13:28:39 +0000] "GET /api/users/info HTTP/1.1" 201 92 "http://localhost:3000/" "Mozilla/5.0 (Windows NT 10.0; Win64; x64) AppleWebKit/537.36 (KHTML, like Gecko) Chrome/83.0.4103.97 Safari/537.36"
::1 - - [11/Jun/2020:13:28:41 +0000] "GET /api/users/list HTTP/1.1" 201 284 "http://localhost:3000/" "Mozilla/5.0 (Windows NT 10.0; Win64; x64) AppleWebKit/537.36 (KHTML, like Gecko) Chrome/83.0.4103.97 Safari/537.36"
::1 - - [11/Jun/2020:13:28:43 +0000] "GET /api/douban/list?page=undefined HTTP/1.1" 201 5365 "http://localhost:3000/" "Mozilla/5.0 (Windows NT 10.0; Win64; x64) AppleWebKit/537.36 (KHTML, like Gecko) Chrome/83.0.4103.97 Safari/537.36"
::1 - - [11/Jun/2020:13:28:44 +0000] "GET /api/douban/list?page=2 HTTP/1.1" 201 5520 "http://localhost:3000/" "Mozilla/5.0 (Windows NT 10.0; Win64; x64) AppleWebKit/537.36 (KHTML, like Gecko) Chrome/83.0.4103.97 Safari/537.36"
::1 - - [11/Jun/2020:13:28:46 +0000] "GET /api/douban/list?page=22 HTTP/1.1" 201 4955 "http://localhost:3000/" "Mozilla/5.0 (Windows NT 10.0; Win64; x64) AppleWebKit/537.36 (KHTML, like Gecko) Chrome/83.0.4103.97 Safari/537.36"
::1 - - [11/Jun/2020:13:28:48 +0000] "GET /api/douban/list?page=undefined HTTP/1.1" 201 5365 "http://localhost:3000/" "Mozilla/5.0 (Windows NT 10.0; Win64; x64) AppleWebKit/537.36 (KHTML, like Gecko) Chrome/83.0.4103.97 Safari/537.36"
::1 - - [11/Jun/2020:13:28:50 +0000] "GET /api/maoyan/list?page=undefined HTTP/1.1" 201 3528 "http://localhost:3000/" "Mozilla/5.0 (Windows NT 10.0; Win64; x64) AppleWebKit/537.36 (KHTML, like Gecko) Chrome/83.0.4103.97 Safari/537.36"
::1 - - [11/Jun/2020:13:28:52 +0000] "GET /api/maoyan/list?page=5 HTTP/1.1" 201 3524 "http://localhost:3000/" "Mozilla/5.0 (Windows NT 10.0; Win64; x64) AppleWebKit/537.36 (KHTML, like Gecko) Chrome/83.0.4103.97 Safari/537.36"
::1 - - [11/Jun/2020:13:28:53 +0000] "GET /api/operas/list?page=undefined HTTP/1.1" 201 6711 "http://localhost:3000/" "Mozilla/5.0 (Windows NT 10.0; Win64; x64) AppleWebKit/537.36 (KHTML, like Gecko) Chrome/83.0.4103.97 Safari/537.36"
::1 - - [11/Jun/2020:13:28:56 +0000] "GET /api/operas/list?page=5 HTTP/1.1" 201 6156 "http://localhost:3000/" "Mozilla/5.0 (Windows NT 10.0; Win64; x64) AppleWebKit/537.36 (KHTML, like Gecko) Chrome/83.0.4103.97 Safari/537.36"
::1 - - [11/Jun/2020:13:28:58 +0000] "GET /api/taobao/list?page=undefined HTTP/1.1" 201 7029 "http://localhost:3000/" "Mozilla/5.0 (Windows NT 10.0; Win64; x64) AppleWebKit/537.36 (KHTML, like Gecko) Chrome/83.0.4103.97 Safari/537.36"
::1 - - [11/Jun/2020:13:28:59 +0000] "GET /api/taobao/list?page=872 HTTP/1.1" 201 1922 "http://localhost:3000/" "Mozilla/5.0 (Windows NT 10.0; Win64; x64) AppleWebKit/537.36 (KHTML, like Gecko) Chrome/83.0.4103.97 Safari/537.36"
::1 - - [11/Jun/2020:13:29:01 +0000] "GET /api/taobao/list?page=870 HTTP/1.1" 201 4201 "http://localhost:3000/" "Mozilla/5.0 (Windows NT 10.0; Win64; x64) AppleWebKit/537.36 (KHTML, like Gecko) Chrome/83.0.4103.97 Safari/537.36"
::1 - - [11/Jun/2020:14:10:14 +0000] "GET /api/users/info HTTP/1.1" 201 92 "http://localhost:3000/" "Mozilla/5.0 (Windows NT 10.0; Win64; x64) AppleWebKit/537.36 (KHTML, like Gecko) Chrome/83.0.4103.97 Safari/537.36"
::1 - - [11/Jun/2020:14:10:14 +0000] "GET /api/users/info HTTP/1.1" 201 92 "http://localhost:3000/" "Mozilla/5.0 (Windows NT 10.0; Win64; x64) AppleWebKit/537.36 (KHTML, like Gecko) Chrome/83.0.4103.97 Safari/537.36"
::1 - - [11/Jun/2020:14:10:16 +0000] "GET /api/operas/list?page=undefined HTTP/1.1" 201 6711 "http://localhost:3000/" "Mozilla/5.0 (Windows NT 10.0; Win64; x64) AppleWebKit/537.36 (KHTML, like Gecko) Chrome/83.0.4103.97 Safari/537.36"
::1 - - [11/Jun/2020:14:10:17 +0000] "GET /api/taobao/list?page=undefined HTTP/1.1" 201 7029 "http://localhost:3000/" "Mozilla/5.0 (Windows NT 10.0; Win64; x64) AppleWebKit/537.36 (KHTML, like Gecko) Chrome/83.0.4103.97 Safari/537.36"
::1 - - [11/Jun/2020:14:10:18 +0000] "GET /api/maoyan/list?page=undefined HTTP/1.1" 201 3528 "http://localhost:3000/" "Mozilla/5.0 (Windows NT 10.0; Win64; x64) AppleWebKit/537.36 (KHTML, like Gecko) Chrome/83.0.4103.97 Safari/537.36"
::1 - - [11/Jun/2020:14:10:21 +0000] "GET /api/taobao/list?page=undefined HTTP/1.1" 201 7029 "http://localhost:3000/" "Mozilla/5.0 (Windows NT 10.0; Win64; x64) AppleWebKit/537.36 (KHTML, like Gecko) Chrome/83.0.4103.97 Safari/537.36"
::1 - - [11/Jun/2020:14:11:05 +0000] "GET /api/taobao/getList?title=%E7%91%B0%E5%A4%8F&location=%E4%B8%8A%E6%B5%B7 HTTP/1.1" 201 29191 "http://localhost:3000/" "Mozilla/5.0 (Windows NT 10.0; Win64; x64) AppleWebKit/537.36 (KHTML, like Gecko) Chrome/83.0.4103.97 Safari/537.36"
::1 - - [11/Jun/2020:14:11:39 +0000] "GET /api/taobao/getListOr?title=%E7%91%B0%E5%A4%8F&deal=10000000000000000000 HTTP/1.1" 201 131405 "http://localhost:3000/" "Mozilla/5.0 (Windows NT 10.0; Win64; x64) AppleWebKit/537.36 (KHTML, like Gecko) Chrome/83.0.4103.97 Safari/537.36"
::1 - - [11/Jun/2020:14:27:16 +0000] "GET /api/douban/list?page=undefined HTTP/1.1" 201 5365 "http://localhost:3000/" "Mozilla/5.0 (Windows NT 10.0; Win64; x64) AppleWebKit/537.36 (KHTML, like Gecko) Chrome/83.0.4103.97 Safari/537.36"
::1 - - [11/Jun/2020:14:27:22 +0000] "GET /api/douban/list?page=5 HTTP/1.1" 201 5416 "http://localhost:3000/" "Mozilla/5.0 (Windows NT 10.0; Win64; x64) AppleWebKit/537.36 (KHTML, like Gecko) Chrome/83.0.4103.97 Safari/537.36"
::1 - - [16/Jun/2020:08:27:11 +0000] "GET /api/users/info HTTP/1.1" 401 1410 "http://localhost:3000/" "Mozilla/5.0 (Windows NT 10.0; Win64; x64) AppleWebKit/537.36 (KHTML, like Gecko) Chrome/83.0.4103.97 Safari/537.36"
::1 - - [16/Jun/2020:08:27:17 +0000] "POST /api/users/login HTTP/1.1" 201 219 "http://localhost:3000/" "Mozilla/5.0 (Windows NT 10.0; Win64; x64) AppleWebKit/537.36 (KHTML, like Gecko) Chrome/83.0.4103.97 Safari/537.36"
::1 - - [16/Jun/2020:08:27:17 +0000] "GET /api/users/info HTTP/1.1" 201 92 "http://localhost:3000/" "Mozilla/5.0 (Windows NT 10.0; Win64; x64) AppleWebKit/537.36 (KHTML, like Gecko) Chrome/83.0.4103.97 Safari/537.36"
::1 - - [16/Jun/2020:08:30:03 +0000] "GET /api/users/info HTTP/1.1" 201 92 "http://localhost:3000/" "Mozilla/5.0 (Windows NT 10.0; Win64; x64) AppleWebKit/537.36 (KHTML, like Gecko) Chrome/83.0.4103.97 Safari/537.36"
::1 - - [16/Jun/2020:08:30:03 +0000] "GET /api/users/info HTTP/1.1" 201 92 "http://localhost:3000/" "Mozilla/5.0 (Windows NT 10.0; Win64; x64) AppleWebKit/537.36 (KHTML, like Gecko) Chrome/83.0.4103.97 Safari/537.36"
::1 - - [16/Jun/2020:08:30:56 +0000] "GET /api/users/info HTTP/1.1" 201 92 "http://localhost:3000/" "Mozilla/5.0 (Windows NT 10.0; Win64; x64) AppleWebKit/537.36 (KHTML, like Gecko) Chrome/83.0.4103.97 Safari/537.36"
::1 - - [16/Jun/2020:08:30:57 +0000] "GET /api/users/info HTTP/1.1" 201 92 "http://localhost:3000/" "Mozilla/5.0 (Windows NT 10.0; Win64; x64) AppleWebKit/537.36 (KHTML, like Gecko) Chrome/83.0.4103.97 Safari/537.36"
::1 - - [16/Jun/2020:08:32:00 +0000] "GET /api/users/info HTTP/1.1" 201 92 "http://localhost:3000/" "Mozilla/5.0 (Windows NT 10.0; Win64; x64) AppleWebKit/537.36 (KHTML, like Gecko) Chrome/83.0.4103.97 Safari/537.36"
::1 - - [16/Jun/2020:08:32:00 +0000] "GET /api/users/info HTTP/1.1" 201 92 "http://localhost:3000/" "Mozilla/5.0 (Windows NT 10.0; Win64; x64) AppleWebKit/537.36 (KHTML, like Gecko) Chrome/83.0.4103.97 Safari/537.36"
::1 - - [16/Jun/2020:08:32:02 +0000] "GET /api/taobao/list?page=undefined HTTP/1.1" 201 7029 "http://localhost:3000/" "Mozilla/5.0 (Windows NT 10.0; Win64; x64) AppleWebKit/537.36 (KHTML, like Gecko) Chrome/83.0.4103.97 Safari/537.36"
::1 - - [16/Jun/2020:08:32:44 +0000] "GET /api/users/info HTTP/1.1" 201 92 "http://localhost:3000/" "Mozilla/5.0 (Windows NT 10.0; Win64; x64) AppleWebKit/537.36 (KHTML, like Gecko) Chrome/83.0.4103.97 Safari/537.36"
::1 - - [16/Jun/2020:08:32:44 +0000] "GET /api/users/info HTTP/1.1" 201 92 "http://localhost:3000/" "Mozilla/5.0 (Windows NT 10.0; Win64; x64) AppleWebKit/537.36 (KHTML, like Gecko) Chrome/83.0.4103.97 Safari/537.36"
::1 - - [16/Jun/2020:08:33:26 +0000] "GET /api/users/info HTTP/1.1" 201 92 "http://localhost:3000/" "Mozilla/5.0 (Windows NT 10.0; Win64; x64) AppleWebKit/537.36 (KHTML, like Gecko) Chrome/83.0.4103.97 Safari/537.36"
::1 - - [16/Jun/2020:08:33:26 +0000] "GET /api/users/info HTTP/1.1" 201 92 "http://localhost:3000/" "Mozilla/5.0 (Windows NT 10.0; Win64; x64) AppleWebKit/537.36 (KHTML, like Gecko) Chrome/83.0.4103.97 Safari/537.36"
::1 - - [16/Jun/2020:08:36:22 +0000] "GET /api/users/info HTTP/1.1" 201 92 "http://localhost:3000/" "Mozilla/5.0 (Windows NT 10.0; Win64; x64) AppleWebKit/537.36 (KHTML, like Gecko) Chrome/83.0.4103.97 Safari/537.36"
::1 - - [16/Jun/2020:08:36:22 +0000] "GET /api/users/info HTTP/1.1" 201 92 "http://localhost:3000/" "Mozilla/5.0 (Windows NT 10.0; Win64; x64) AppleWebKit/537.36 (KHTML, like Gecko) Chrome/83.0.4103.97 Safari/537.36"
::1 - - [16/Jun/2020:08:38:02 +0000] "GET /api/users/info HTTP/1.1" 201 92 "http://localhost:3000/" "Mozilla/5.0 (Windows NT 10.0; Win64; x64) AppleWebKit/537.36 (KHTML, like Gecko) Chrome/83.0.4103.97 Safari/537.36"
::1 - - [16/Jun/2020:08:38:02 +0000] "GET /api/users/info HTTP/1.1" 201 92 "http://localhost:3000/" "Mozilla/5.0 (Windows NT 10.0; Win64; x64) AppleWebKit/537.36 (KHTML, like Gecko) Chrome/83.0.4103.97 Safari/537.36"
::1 - - [16/Jun/2020:08:38:04 +0000] "GET /api/taobao/list?page=undefined HTTP/1.1" 201 7029 "http://localhost:3000/" "Mozilla/5.0 (Windows NT 10.0; Win64; x64) AppleWebKit/537.36 (KHTML, like Gecko) Chrome/83.0.4103.97 Safari/537.36"
::1 - - [16/Jun/2020:08:39:04 +0000] "GET /api/users/info HTTP/1.1" 201 92 "http://localhost:3000/" "Mozilla/5.0 (Windows NT 10.0; Win64; x64) AppleWebKit/537.36 (KHTML, like Gecko) Chrome/83.0.4103.97 Safari/537.36"
::1 - - [16/Jun/2020:08:39:04 +0000] "GET /api/users/info HTTP/1.1" 201 92 "http://localhost:3000/" "Mozilla/5.0 (Windows NT 10.0; Win64; x64) AppleWebKit/537.36 (KHTML, like Gecko) Chrome/83.0.4103.97 Safari/537.36"
